Jessica;2462
Sarah Smith;0
Jennifer Davis;0
Jennifer Miller;0
John Williams;0
Jennifer Taylor;0
Jessica Johnson;0
David Brown;0
John Jones;0
Sarah Taylor;0
John Wilson;0
Jennifer Jones;0
Daniel Brown;0
John Miller;0
Michael Brown;0
James Johnson;0
Emily Smith;0
Jennifer Smith;0
John Brown;0
David Moore;0
James Williams;0
Jessica Brown;0
David Davis;0
Daniel Jones;0
John Taylor;0
Emily Taylor;0
Emma Williams;0
Emma Brown;0
John Moore;0
Sarah Moore;0
Michael Davis;0
Michael Taylor;0
Emily Moore;0
Michael Moore;0
Sarah Wilson;0
Sarah Davis;0
Emma Johnson;0
